{"cameraMode":{"drawMode":0,"name":"Shaded","section":"Shading Mode"},"sceneLighting":false,"audioPlay":false,"sceneViewState":{"showFog":true,"showMaterialUpdate":false,"showSkybox":false,"showFlares":true,"showImageEffects":true,"showParticleSystems":true},"in2DMode":false,"pivot":{"x":-33.68567657470703,"y":40.43932342529297,"z":64.49109649658203},"rotation":{"x":0.0030417651869356634,"y":-0.9872049689292908,"z":0.15830151736736298,"w":0.018969310447573663},"size":8.923612594604493,"orthographic":false}