{"cameraMode":{"drawMode":0,"name":"Shaded","section":"Shading Mode"},"sceneLighting":false,"audioPlay":false,"sceneViewState":{"showFog":true,"showMaterialUpdate":false,"showSkybox":false,"showFlares":true,"showImageEffects":true,"showParticleSystems":true},"in2DMode":false,"pivot":{"x":-32.85296630859375,"y":21.83910369873047,"z":62.71875762939453},"rotation":{"x":0.18832997977733613,"y":0.7601223587989807,"z":-0.25173625349998476,"w":0.568668007850647},"size":66.9592514038086,"orthographic":false}